<?xml version="1.0" encoding="UTF-8"?>

<!--
 * JBoss, Home of Professional Open Source
 * Copyright 2009, Red Hat Middleware LLC, and individual contributors
 * as indicated by the @author tags.
 * See the copyright.txt in the distribution for a
 * full listing of individual contributors.
 * This copyrighted material is made available to anyone wishing to use,
 * modify, copy, or redistribute it subject to the terms and conditions
 * of the GNU Lesser General Public License, v. 2.1.
 * This program is distributed in the hope that it will be useful, but WITHOUT A
 * WARRANTY; without even the implied warranty of MERCHANTABILITY or FITNESS FOR A
 * PARTICULAR PURPOSE.  See the GNU Lesser General Public License for more details.
 * You should have received a copy of the GNU Lesser General Public License,
 * v.2.1 along with this distribution; if not, write to the Free Software
 * Foundation, Inc., 51 Franklin Street, Fifth Floor, Boston,
 * MA  02110-1301, USA.
 *
 * (C) 2007, 2009
 * @author JBoss Inc.
-->

<!-- Client side config file for outbound bridging -->
<handler-chains xmlns="http://java.sun.com/xml/ns/javaee"
                xmlns:xsi="http://www.w3.org/2001/XMLSchema-instance"
                xsi:schemaLocation="http://java.sun.com/xml/ns/javaee javaee_web_services_1_2.xsd">

    <handler-chain>
        <handler>
            <handler-name>MyClientHandler</handler-name>
            <handler-class>org.my.simple.client.MyClientHandler</handler-class>
        </handler>
    </handler-chain>

</handler-chains>
